m,n,k,cutlass_us,cutlass_equivalent_tflops,cutlass_config,cuda_us,cuda_equivalent_tflops,cuda_config,triton_us,triton_equivalent_tflops,triton_config
256,1024,1536,9.076249785721302,88.72677449522189,"{""backend"": ""cutlass"", ""config_id"": 3}",8.716249838471413,92.39138195024803,"{""backend"": ""cuda"", ""config_id"": 3}",9.37649980187416,85.88560603809073,"{""backend"": ""triton"", ""block_m"": 128, ""block_n"": 64, ""num_stages"": 3, ""num_warps"": 4, ""swizzle"": 8}"
256,1536,1024,8.209249936044216,98.09743573090093,"{""backend"": ""cutlass"", ""config_id"": 5}",7.808375172317028,103.13366740561422,"{""backend"": ""cuda"", ""config_id"": 5}",7.896999828517437,101.97624230557774,"{""backend"": ""triton"", ""block_m"": 64, ""block_n"": 128, ""num_stages"": 3, ""num_warps"": 4, ""swizzle"": 8}"
256,2048,1536,16.061000525951385,100.28097149972506,"{""backend"": ""cutlass"", ""config_id"": 7}",15.420249663293362,104.44790267137707,"{""backend"": ""cuda"", ""config_id"": 7}",19.348067752385543,83.24411288054425,"{""backend"": ""triton"", ""block_m"": 64, ""block_n"": 128, ""num_stages"": 3, ""num_warps"": 4, ""swizzle"": 8}"
1024,1024,1024,22.346980431500604,96.09726265177545,"{""backend"": ""cutlass"", ""config_id"": 4}",20.597630076938206,104.25877345978722,"{""backend"": ""cuda"", ""config_id"": 2}",24.676150244635505,87.02668879505848,"{""backend"": ""triton"", ""block_m"": 64, ""block_n"": 128, ""num_stages"": 3, ""num_warps"": 8, ""swizzle"": 8}"
2048,2048,2048,123.32800107124524,139.30225929856252,"{""backend"": ""cutlass"", ""config_id"": 6}",118.01444030389553,145.57429700772738,"{""backend"": ""cuda"", ""config_id"": 6}",157.13651718631868,109.33085123446907,"{""backend"": ""triton"", ""block_m"": 64, ""block_n"": 128, ""num_stages"": 3, ""num_warps"": 8, ""swizzle"": 8}"
3072,3072,3072,368.451189994812,157.36700021735965,"{""backend"": ""cutlass"", ""config_id"": 7}",359.7874300820487,161.15643195977506,"{""backend"": ""cuda"", ""config_id"": 7}",467.0527935028076,124.14454918713905,"{""backend"": ""triton"", ""block_m"": 64, ""block_n"": 128, ""num_stages"": 3, ""num_warps"": 8, ""swizzle"": 8}"
4096,4096,4096,855.840015411377,160.58953892911535,"{""backend"": ""cutlass"", ""config_id"": 7}",833.8560263315836,164.82336174584086,"{""backend"": ""cuda"", ""config_id"": 7}",1087.2479677200317,126.40994285803141,"{""backend"": ""triton"", ""block_m"": 64, ""block_n"": 128, ""num_stages"": 3, ""num_warps"": 4, ""swizzle"": 8}"
5120,5120,5120,1675.0933329264324,160.25104435884546,"{""backend"": ""cutlass"", ""config_id"": 7}",1626.2292861938477,165.06617995317686,"{""backend"": ""cuda"", ""config_id"": 15}",2010.159969329834,133.5393501490797,"{""backend"": ""triton"", ""block_m"": 128, ""block_n"": 64, ""num_stages"": 3, ""num_warps"": 4, ""swizzle"": 8}"
6144,6144,6144,2813.0240440368652,164.89601962389807,"{""backend"": ""cutlass"", ""config_id"": 7}",2737.215995788574,169.46286616828203,"{""backend"": ""cuda"", ""config_id"": 15}",3391.616106033325,136.76561658698594,"{""backend"": ""triton"", ""block_m"": 128, ""block_n"": 64, ""num_stages"": 3, ""num_warps"": 4, ""swizzle"": 8}"
7168,7168,7168,4426.688194274902,166.3968318836276,"{""backend"": ""cutlass"", ""config_id"": 7}",4281.184196472168,172.05213732008332,"{""backend"": ""cuda"", ""config_id"": 15}",5384.640216827393,136.7940775248293,"{""backend"": ""triton"", ""block_m"": 128, ""block_n"": 64, ""num_stages"": 3, ""num_warps"": 4, ""swizzle"": 8}"
8192,8192,8192,6594.399929046631,166.73414406259087,"{""backend"": ""cutlass"", ""config_id"": 7}",6447.296142578125,170.53840919680954,"{""backend"": ""cuda"", ""config_id"": 7}",8023.072242736816,137.04371523905616,"{""backend"": ""triton"", ""block_m"": 128, ""block_n"": 64, ""num_stages"": 3, ""num_warps"": 4, ""swizzle"": 8}"
9216,9216,9216,9288.543701171875,168.54262947532766,"{""backend"": ""cutlass"", ""config_id"": 7}",9009.984016418457,173.75342470522,"{""backend"": ""cuda"", ""config_id"": 15}",11285.568237304688,138.7183654800079,"{""backend"": ""triton"", ""block_m"": 128, ""block_n"": 64, ""num_stages"": 3, ""num_warps"": 4, ""swizzle"": 8}"
10240,10240,10240,12858.528137207031,167.0085117896277,"{""backend"": ""cutlass"", ""config_id"": 7}",12346.976280212402,173.92789937092658,"{""backend"": ""cuda"", ""config_id"": 15}",15588.383674621582,137.76179062722048,"{""backend"": ""triton"", ""block_m"": 128, ""block_n"": 64, ""num_stages"": 3, ""num_warps"": 4, ""swizzle"": 8}"
11264,11264,11264,17194.015502929688,166.2381155234491,"{""backend"": ""cutlass"", ""config_id"": 7}",16504.735946655273,173.1806400736294,"{""backend"": ""cuda"", ""config_id"": 15}",21478.559494018555,133.07692893855346,"{""backend"": ""triton"", ""block_m"": 128, ""block_n"": 64, ""num_stages"": 3, ""num_warps"": 4, ""swizzle"": 8}"
12288,12288,12288,22157.37533569336,167.47704489015817,"{""backend"": ""cutlass"", ""config_id"": 7}",21287.1036529541,174.32393829815496,"{""backend"": ""cuda"", ""config_id"": 15}",27803.808212280273,133.46559274944954,"{""backend"": ""triton"", ""block_m"": 128, ""block_n"": 64, ""num_stages"": 3, ""num_warps"": 4, ""swizzle"": 8}"
13312,13312,13312,28556.86378479004,165.2149763437578,"{""backend"": ""cutlass"", ""config_id"": 7}",27400.06446838379,172.19016327863025,"{""backend"": ""cuda"", ""config_id"": 15}",36085.95275878906,130.74399354765222,"{""backend"": ""triton"", ""block_m"": 128, ""block_n"": 64, ""num_stages"": 3, ""num_warps"": 4, ""swizzle"": 8}"
14336,14336,14336,35692.51251220703,165.09611443287065,"{""backend"": ""cutlass"", ""config_id"": 7}",34230.30471801758,172.1484859294957,"{""backend"": ""cuda"", ""config_id"": 15}",42911.26251220703,137.322809563939,"{""backend"": ""triton"", ""block_m"": 128, ""block_n"": 64, ""num_stages"": 3, ""num_warps"": 4, ""swizzle"": 8}"
15360,15360,15360,43661.407470703125,165.9991679577269,"{""backend"": ""cutlass"", ""config_id"": 7}",41914.49737548828,172.9176720663364,"{""backend"": ""cuda"", ""config_id"": 15}",54225.0862121582,133.66059546024155,"{""backend"": ""triton"", ""block_m"": 128, ""block_n"": 64, ""num_stages"": 3, ""num_warps"": 4, ""swizzle"": 8}"
16384,16384,16384,54442.047119140625,161.56800648878405,"{""backend"": ""cutlass"", ""config_id"": 7}",51976.25732421875,169.23290508086257,"{""backend"": ""cuda"", ""config_id"": 16}",64676.544189453125,136.0012835015138,"{""backend"": ""triton"", ""block_m"": 128, ""block_n"": 64, ""num_stages"": 3, ""num_warps"": 4, ""swizzle"": 8}"
